<annotation>
	<folder>images</folder>
	<filename>videoplayback6313.jpg</filename>
	<path>D:\Tina-MIDS\W251\MIDS_HW8\images\videoplayback6313.jpg</path>
	<source>
		<database>Unknown</database>
	</source>
	<size>
		<width>1000</width>
		<height>563</height>
		<depth>3</depth>
	</size>
	<segmented>0</segmented>
	<object>
		<name>Millennium Falcon</name>
		<pose>Unspecified</pose>
		<truncated>0</truncated>
		<difficult>0</difficult>
		<bndbox>
			<xmin>563</xmin>
			<ymin>285</ymin>
			<xmax>708</xmax>
			<ymax>348</ymax>
		</bndbox>
	</object>
</annotation>
