<annotation>
	<folder>images</folder>
	<filename>videoplayback3476.jpg</filename>
	<path>D:\Tina-MIDS\W251\MIDS_HW8\images\videoplayback3476.jpg</path>
	<source>
		<database>Unknown</database>
	</source>
	<size>
		<width>1000</width>
		<height>563</height>
		<depth>3</depth>
	</size>
	<segmented>0</segmented>
	<object>
		<name>TIE Fighters</name>
		<pose>Unspecified</pose>
		<truncated>0</truncated>
		<difficult>0</difficult>
		<bndbox>
			<xmin>75</xmin>
			<ymin>175</ymin>
			<xmax>254</xmax>
			<ymax>329</ymax>
		</bndbox>
	</object>
	<object>
		<name>Millennium Falcon</name>
		<pose>Unspecified</pose>
		<truncated>0</truncated>
		<difficult>0</difficult>
		<bndbox>
			<xmin>332</xmin>
			<ymin>224</ymin>
			<xmax>474</xmax>
			<ymax>300</ymax>
		</bndbox>
	</object>
	<object>
		<name>TIE Fighters</name>
		<pose>Unspecified</pose>
		<truncated>1</truncated>
		<difficult>0</difficult>
		<bndbox>
			<xmin>688</xmin>
			<ymin>157</ymin>
			<xmax>1000</xmax>
			<ymax>496</ymax>
		</bndbox>
	</object>
</annotation>
