<annotation>
	<folder>images</folder>
	<filename>videoplayback2825.jpg</filename>
	<path>D:\Tina-MIDS\W251\MIDS_HW8\images\videoplayback2825.jpg</path>
	<source>
		<database>Unknown</database>
	</source>
	<size>
		<width>1000</width>
		<height>563</height>
		<depth>3</depth>
	</size>
	<segmented>0</segmented>
	<object>
		<name>TIE Fighters</name>
		<pose>Unspecified</pose>
		<truncated>0</truncated>
		<difficult>0</difficult>
		<bndbox>
			<xmin>471</xmin>
			<ymin>161</ymin>
			<xmax>585</xmax>
			<ymax>266</ymax>
		</bndbox>
	</object>
	<object>
		<name>TIE Fighters</name>
		<pose>Unspecified</pose>
		<truncated>0</truncated>
		<difficult>0</difficult>
		<bndbox>
			<xmin>700</xmin>
			<ymin>225</ymin>
			<xmax>815</xmax>
			<ymax>326</ymax>
		</bndbox>
	</object>
</annotation>
