<annotation>
	<folder>images</folder>
	<filename>videoplayback0832.jpg</filename>
	<path>D:\Tina-MIDS\W251\MIDS_HW8\images\videoplayback0832.jpg</path>
	<source>
		<database>Unknown</database>
	</source>
	<size>
		<width>1000</width>
		<height>563</height>
		<depth>3</depth>
	</size>
	<segmented>0</segmented>
	<object>
		<name>TIE Fighters</name>
		<pose>Unspecified</pose>
		<truncated>0</truncated>
		<difficult>0</difficult>
		<bndbox>
			<xmin>84</xmin>
			<ymin>103</ymin>
			<xmax>139</xmax>
			<ymax>141</ymax>
		</bndbox>
	</object>
	<object>
		<name>TIE Fighters</name>
		<pose>Unspecified</pose>
		<truncated>0</truncated>
		<difficult>0</difficult>
		<bndbox>
			<xmin>353</xmin>
			<ymin>163</ymin>
			<xmax>402</xmax>
			<ymax>189</ymax>
		</bndbox>
	</object>
	<object>
		<name>Millennium Falcon</name>
		<pose>Unspecified</pose>
		<truncated>0</truncated>
		<difficult>0</difficult>
		<bndbox>
			<xmin>287</xmin>
			<ymin>216</ymin>
			<xmax>695</xmax>
			<ymax>324</ymax>
		</bndbox>
	</object>
</annotation>
