<annotation>
	<folder>images</folder>
	<filename>videoplayback1814.jpg</filename>
	<path>D:\Tina-MIDS\W251\MIDS_HW8\images\videoplayback1814.jpg</path>
	<source>
		<database>Unknown</database>
	</source>
	<size>
		<width>1000</width>
		<height>563</height>
		<depth>3</depth>
	</size>
	<segmented>0</segmented>
	<object>
		<name>TIE Fighters</name>
		<pose>Unspecified</pose>
		<truncated>0</truncated>
		<difficult>0</difficult>
		<bndbox>
			<xmin>234</xmin>
			<ymin>174</ymin>
			<xmax>295</xmax>
			<ymax>217</ymax>
		</bndbox>
	</object>
	<object>
		<name>TIE Fighters</name>
		<pose>Unspecified</pose>
		<truncated>0</truncated>
		<difficult>0</difficult>
		<bndbox>
			<xmin>304</xmin>
			<ymin>214</ymin>
			<xmax>339</xmax>
			<ymax>239</ymax>
		</bndbox>
	</object>
	<object>
		<name>Millennium Falcon</name>
		<pose>Unspecified</pose>
		<truncated>0</truncated>
		<difficult>0</difficult>
		<bndbox>
			<xmin>58</xmin>
			<ymin>241</ymin>
			<xmax>910</xmax>
			<ymax>468</ymax>
		</bndbox>
	</object>
</annotation>
