<annotation>
	<folder>images</folder>
	<filename>videoplayback1649.jpg</filename>
	<path>D:\Tina-MIDS\W251\MIDS_HW8\images\videoplayback1649.jpg</path>
	<source>
		<database>Unknown</database>
	</source>
	<size>
		<width>1000</width>
		<height>563</height>
		<depth>3</depth>
	</size>
	<segmented>0</segmented>
	<object>
		<name>Millennium Falcon</name>
		<pose>Unspecified</pose>
		<truncated>0</truncated>
		<difficult>0</difficult>
		<bndbox>
			<xmin>304</xmin>
			<ymin>277</ymin>
			<xmax>889</xmax>
			<ymax>437</ymax>
		</bndbox>
	</object>
	<object>
		<name>TIE Fighters</name>
		<pose>Unspecified</pose>
		<truncated>0</truncated>
		<difficult>0</difficult>
		<bndbox>
			<xmin>571</xmin>
			<ymin>239</ymin>
			<xmax>603</xmax>
			<ymax>258</ymax>
		</bndbox>
	</object>
	<object>
		<name>TIE Fighters</name>
		<pose>Unspecified</pose>
		<truncated>0</truncated>
		<difficult>0</difficult>
		<bndbox>
			<xmin>669</xmin>
			<ymin>250</ymin>
			<xmax>706</xmax>
			<ymax>276</ymax>
		</bndbox>
	</object>
</annotation>
