<annotation>
	<folder>images</folder>
	<filename>videoplayback3798.jpg</filename>
	<path>D:\Tina-MIDS\W251\MIDS_HW8\images\videoplayback3798.jpg</path>
	<source>
		<database>Unknown</database>
	</source>
	<size>
		<width>1000</width>
		<height>563</height>
		<depth>3</depth>
	</size>
	<segmented>0</segmented>
	<object>
		<name>TIE Fighters</name>
		<pose>Unspecified</pose>
		<truncated>0</truncated>
		<difficult>0</difficult>
		<bndbox>
			<xmin>399</xmin>
			<ymin>75</ymin>
			<xmax>762</xmax>
			<ymax>320</ymax>
		</bndbox>
	</object>
	<object>
		<name>TIE Fighters</name>
		<pose>Unspecified</pose>
		<truncated>0</truncated>
		<difficult>0</difficult>
		<bndbox>
			<xmin>465</xmin>
			<ymin>290</ymin>
			<xmax>510</xmax>
			<ymax>338</ymax>
		</bndbox>
	</object>
	<object>
		<name>Millennium Falcon</name>
		<pose>Unspecified</pose>
		<truncated>0</truncated>
		<difficult>0</difficult>
		<bndbox>
			<xmin>510</xmin>
			<ymin>329</ymin>
			<xmax>559</xmax>
			<ymax>364</ymax>
		</bndbox>
	</object>
</annotation>
