<annotation>
	<folder>images</folder>
	<filename>videoplayback4288.jpg</filename>
	<path>D:\Tina-MIDS\W251\MIDS_HW8\images\videoplayback4288.jpg</path>
	<source>
		<database>Unknown</database>
	</source>
	<size>
		<width>1000</width>
		<height>563</height>
		<depth>3</depth>
	</size>
	<segmented>0</segmented>
	<object>
		<name>TIE Fighters</name>
		<pose>Unspecified</pose>
		<truncated>0</truncated>
		<difficult>0</difficult>
		<bndbox>
			<xmin>403</xmin>
			<ymin>77</ymin>
			<xmax>626</xmax>
			<ymax>291</ymax>
		</bndbox>
	</object>
	<object>
		<name>Millennium Falcon</name>
		<pose>Unspecified</pose>
		<truncated>0</truncated>
		<difficult>0</difficult>
		<bndbox>
			<xmin>287</xmin>
			<ymin>282</ymin>
			<xmax>447</xmax>
			<ymax>342</ymax>
		</bndbox>
	</object>
</annotation>
