<annotation>
	<folder>images</folder>
	<filename>videoplayback5678.jpg</filename>
	<path>D:\Tina-MIDS\W251\MIDS_HW8\images\videoplayback5678.jpg</path>
	<source>
		<database>Unknown</database>
	</source>
	<size>
		<width>1000</width>
		<height>563</height>
		<depth>3</depth>
	</size>
	<segmented>0</segmented>
	<object>
		<name>Millennium Falcon</name>
		<pose>Unspecified</pose>
		<truncated>0</truncated>
		<difficult>0</difficult>
		<bndbox>
			<xmin>479</xmin>
			<ymin>206</ymin>
			<xmax>636</xmax>
			<ymax>369</ymax>
		</bndbox>
	</object>
	<object>
		<name>TIE Fighters</name>
		<pose>Unspecified</pose>
		<truncated>0</truncated>
		<difficult>0</difficult>
		<bndbox>
			<xmin>561</xmin>
			<ymin>75</ymin>
			<xmax>908</xmax>
			<ymax>427</ymax>
		</bndbox>
	</object>
</annotation>
