<annotation>
	<folder>images</folder>
	<filename>videoplayback3180.jpg</filename>
	<path>D:\Tina-MIDS\W251\MIDS_HW8\images\videoplayback3180.jpg</path>
	<source>
		<database>Unknown</database>
	</source>
	<size>
		<width>1000</width>
		<height>563</height>
		<depth>3</depth>
	</size>
	<segmented>0</segmented>
	<object>
		<name>Millennium Falcon</name>
		<pose>Unspecified</pose>
		<truncated>0</truncated>
		<difficult>0</difficult>
		<bndbox>
			<xmin>523</xmin>
			<ymin>231</ymin>
			<xmax>639</xmax>
			<ymax>264</ymax>
		</bndbox>
	</object>
	<object>
		<name>TIE Fighters</name>
		<pose>Unspecified</pose>
		<truncated>0</truncated>
		<difficult>0</difficult>
		<bndbox>
			<xmin>492</xmin>
			<ymin>176</ymin>
			<xmax>532</xmax>
			<ymax>214</ymax>
		</bndbox>
	</object>
	<object>
		<name>TIE Fighters</name>
		<pose>Unspecified</pose>
		<truncated>0</truncated>
		<difficult>0</difficult>
		<bndbox>
			<xmin>602</xmin>
			<ymin>201</ymin>
			<xmax>649</xmax>
			<ymax>224</ymax>
		</bndbox>
	</object>
</annotation>
