<annotation>
	<folder>images</folder>
	<filename>videoplayback6086.jpg</filename>
	<path>D:\Tina-MIDS\W251\MIDS_HW8\images\videoplayback6086.jpg</path>
	<source>
		<database>Unknown</database>
	</source>
	<size>
		<width>1000</width>
		<height>563</height>
		<depth>3</depth>
	</size>
	<segmented>0</segmented>
	<object>
		<name>TIE Fighters</name>
		<pose>Unspecified</pose>
		<truncated>0</truncated>
		<difficult>0</difficult>
		<bndbox>
			<xmin>304</xmin>
			<ymin>210</ymin>
			<xmax>378</xmax>
			<ymax>261</ymax>
		</bndbox>
	</object>
	<object>
		<name>Millennium Falcon</name>
		<pose>Unspecified</pose>
		<truncated>0</truncated>
		<difficult>0</difficult>
		<bndbox>
			<xmin>363</xmin>
			<ymin>214</ymin>
			<xmax>710</xmax>
			<ymax>445</ymax>
		</bndbox>
	</object>
</annotation>
