<annotation>
	<folder>images</folder>
	<filename>videoplayback1631.jpg</filename>
	<path>D:\Tina-MIDS\W251\MIDS_HW8\images\videoplayback1631.jpg</path>
	<source>
		<database>Unknown</database>
	</source>
	<size>
		<width>1000</width>
		<height>563</height>
		<depth>3</depth>
	</size>
	<segmented>0</segmented>
	<object>
		<name>TIE Fighters</name>
		<pose>Unspecified</pose>
		<truncated>0</truncated>
		<difficult>0</difficult>
		<bndbox>
			<xmin>666</xmin>
			<ymin>250</ymin>
			<xmax>721</xmax>
			<ymax>288</ymax>
		</bndbox>
	</object>
	<object>
		<name>TIE Fighters</name>
		<pose>Unspecified</pose>
		<truncated>0</truncated>
		<difficult>0</difficult>
		<bndbox>
			<xmin>800</xmin>
			<ymin>245</ymin>
			<xmax>868</xmax>
			<ymax>301</ymax>
		</bndbox>
	</object>
	<object>
		<name>Millennium Falcon</name>
		<pose>Unspecified</pose>
		<truncated>0</truncated>
		<difficult>0</difficult>
		<bndbox>
			<xmin>261</xmin>
			<ymin>273</ymin>
			<xmax>892</xmax>
			<ymax>456</ymax>
		</bndbox>
	</object>
</annotation>
