<annotation>
	<folder>images</folder>
	<filename>videoplayback6265.jpg</filename>
	<path>D:\Tina-MIDS\W251\MIDS_HW8\images\videoplayback6265.jpg</path>
	<source>
		<database>Unknown</database>
	</source>
	<size>
		<width>1000</width>
		<height>563</height>
		<depth>3</depth>
	</size>
	<segmented>0</segmented>
	<object>
		<name>TIE Fighters</name>
		<pose>Unspecified</pose>
		<truncated>0</truncated>
		<difficult>0</difficult>
		<bndbox>
			<xmin>211</xmin>
			<ymin>71</ymin>
			<xmax>576</xmax>
			<ymax>445</ymax>
		</bndbox>
	</object>
	<object>
		<name>Millennium Falcon</name>
		<pose>Unspecified</pose>
		<truncated>0</truncated>
		<difficult>0</difficult>
		<bndbox>
			<xmin>601</xmin>
			<ymin>131</ymin>
			<xmax>920</xmax>
			<ymax>492</ymax>
		</bndbox>
	</object>
</annotation>
