<annotation>
	<folder>images</folder>
	<filename>videoplayback6050.jpg</filename>
	<path>D:\Tina-MIDS\W251\MIDS_HW8\images\videoplayback6050.jpg</path>
	<source>
		<database>Unknown</database>
	</source>
	<size>
		<width>1000</width>
		<height>563</height>
		<depth>3</depth>
	</size>
	<segmented>0</segmented>
	<object>
		<name>Millennium Falcon</name>
		<pose>Unspecified</pose>
		<truncated>0</truncated>
		<difficult>0</difficult>
		<bndbox>
			<xmin>327</xmin>
			<ymin>189</ymin>
			<xmax>410</xmax>
			<ymax>260</ymax>
		</bndbox>
	</object>
</annotation>
