<annotation>
	<folder>images</folder>
	<filename>videoplayback1673.jpg</filename>
	<path>D:\Tina-MIDS\W251\MIDS_HW8\images\videoplayback1673.jpg</path>
	<source>
		<database>Unknown</database>
	</source>
	<size>
		<width>1000</width>
		<height>563</height>
		<depth>3</depth>
	</size>
	<segmented>0</segmented>
	<object>
		<name>Millennium Falcon</name>
		<pose>Unspecified</pose>
		<truncated>0</truncated>
		<difficult>0</difficult>
		<bndbox>
			<xmin>294</xmin>
			<ymin>240</ymin>
			<xmax>879</xmax>
			<ymax>435</ymax>
		</bndbox>
	</object>
	<object>
		<name>TIE Fighters</name>
		<pose>Unspecified</pose>
		<truncated>0</truncated>
		<difficult>0</difficult>
		<bndbox>
			<xmin>539</xmin>
			<ymin>224</ymin>
			<xmax>568</xmax>
			<ymax>238</ymax>
		</bndbox>
	</object>
</annotation>
