<annotation>
	<folder>images</folder>
	<filename>videoplayback4467.jpg</filename>
	<path>D:\Tina-MIDS\W251\MIDS_HW8\images\videoplayback4467.jpg</path>
	<source>
		<database>Unknown</database>
	</source>
	<size>
		<width>1000</width>
		<height>563</height>
		<depth>3</depth>
	</size>
	<segmented>0</segmented>
	<object>
		<name>TIE Fighters</name>
		<pose>Unspecified</pose>
		<truncated>0</truncated>
		<difficult>0</difficult>
		<bndbox>
			<xmin>609</xmin>
			<ymin>275</ymin>
			<xmax>676</xmax>
			<ymax>345</ymax>
		</bndbox>
	</object>
</annotation>
