<annotation>
	<folder>images</folder>
	<filename>videoplayback2831.jpg</filename>
	<path>D:\Tina-MIDS\W251\MIDS_HW8\images\videoplayback2831.jpg</path>
	<source>
		<database>Unknown</database>
	</source>
	<size>
		<width>1000</width>
		<height>563</height>
		<depth>3</depth>
	</size>
	<segmented>0</segmented>
	<object>
		<name>TIE Fighters</name>
		<pose>Unspecified</pose>
		<truncated>0</truncated>
		<difficult>0</difficult>
		<bndbox>
			<xmin>432</xmin>
			<ymin>176</ymin>
			<xmax>587</xmax>
			<ymax>303</ymax>
		</bndbox>
	</object>
	<object>
		<name>TIE Fighters</name>
		<pose>Unspecified</pose>
		<truncated>0</truncated>
		<difficult>0</difficult>
		<bndbox>
			<xmin>686</xmin>
			<ymin>245</ymin>
			<xmax>847</xmax>
			<ymax>379</ymax>
		</bndbox>
	</object>
</annotation>
