<annotation>
	<folder>images</folder>
	<filename>videoplayback4622.jpg</filename>
	<path>D:\Tina-MIDS\W251\MIDS_HW8\images\videoplayback4622.jpg</path>
	<source>
		<database>Unknown</database>
	</source>
	<size>
		<width>1000</width>
		<height>563</height>
		<depth>3</depth>
	</size>
	<segmented>0</segmented>
	<object>
		<name>TIE Fighters</name>
		<pose>Unspecified</pose>
		<truncated>0</truncated>
		<difficult>0</difficult>
		<bndbox>
			<xmin>437</xmin>
			<ymin>167</ymin>
			<xmax>547</xmax>
			<ymax>266</ymax>
		</bndbox>
	</object>
	<object>
		<name>Millennium Falcon</name>
		<pose>Unspecified</pose>
		<truncated>0</truncated>
		<difficult>0</difficult>
		<bndbox>
			<xmin>168</xmin>
			<ymin>214</ymin>
			<xmax>328</xmax>
			<ymax>319</ymax>
		</bndbox>
	</object>
</annotation>
