<annotation>
	<folder>images</folder>
	<filename>videoplayback1625.jpg</filename>
	<path>D:\Tina-MIDS\W251\MIDS_HW8\images\videoplayback1625.jpg</path>
	<source>
		<database>Unknown</database>
	</source>
	<size>
		<width>1000</width>
		<height>563</height>
		<depth>3</depth>
	</size>
	<segmented>0</segmented>
	<object>
		<name>TIE Fighters</name>
		<pose>Unspecified</pose>
		<truncated>0</truncated>
		<difficult>0</difficult>
		<bndbox>
			<xmin>664</xmin>
			<ymin>248</ymin>
			<xmax>726</xmax>
			<ymax>290</ymax>
		</bndbox>
	</object>
	<object>
		<name>TIE Fighters</name>
		<pose>Unspecified</pose>
		<truncated>0</truncated>
		<difficult>0</difficult>
		<bndbox>
			<xmin>824</xmin>
			<ymin>237</ymin>
			<xmax>891</xmax>
			<ymax>290</ymax>
		</bndbox>
	</object>
	<object>
		<name>Millennium Falcon</name>
		<pose>Unspecified</pose>
		<truncated>0</truncated>
		<difficult>0</difficult>
		<bndbox>
			<xmin>267</xmin>
			<ymin>287</ymin>
			<xmax>866</xmax>
			<ymax>444</ymax>
		</bndbox>
	</object>
</annotation>
