<annotation>
	<folder>images</folder>
	<filename>videoplayback6026.jpg</filename>
	<path>D:\Tina-MIDS\W251\MIDS_HW8\images\videoplayback6026.jpg</path>
	<source>
		<database>Unknown</database>
	</source>
	<size>
		<width>1000</width>
		<height>563</height>
		<depth>3</depth>
	</size>
	<segmented>0</segmented>
	<object>
		<name>Millennium Falcon</name>
		<pose>Unspecified</pose>
		<truncated>0</truncated>
		<difficult>0</difficult>
		<bndbox>
			<xmin>535</xmin>
			<ymin>248</ymin>
			<xmax>655</xmax>
			<ymax>327</ymax>
		</bndbox>
	</object>
	<object>
		<name>TIE Fighters</name>
		<pose>Unspecified</pose>
		<truncated>0</truncated>
		<difficult>0</difficult>
		<bndbox>
			<xmin>270</xmin>
			<ymin>79</ymin>
			<xmax>906</xmax>
			<ymax>486</ymax>
		</bndbox>
	</object>
</annotation>
