<annotation>
	<folder>images</folder>
	<filename>videoplayback0535.jpg</filename>
	<path>D:\Tina-MIDS\W251\MIDS_HW8\images\videoplayback0535.jpg</path>
	<source>
		<database>Unknown</database>
	</source>
	<size>
		<width>1000</width>
		<height>563</height>
		<depth>3</depth>
	</size>
	<segmented>0</segmented>
	<object>
		<name>TIE Fighters</name>
		<pose>Unspecified</pose>
		<truncated>0</truncated>
		<difficult>0</difficult>
		<bndbox>
			<xmin>113</xmin>
			<ymin>74</ymin>
			<xmax>225</xmax>
			<ymax>222</ymax>
		</bndbox>
	</object>
	<object>
		<name>TIE Fighters</name>
		<pose>Unspecified</pose>
		<truncated>0</truncated>
		<difficult>0</difficult>
		<bndbox>
			<xmin>200</xmin>
			<ymin>244</ymin>
			<xmax>244</xmax>
			<ymax>272</ymax>
		</bndbox>
	</object>
</annotation>
