<annotation>
	<folder>images</folder>
	<filename>videoplayback0844.jpg</filename>
	<path>D:\Tina-MIDS\W251\MIDS_HW8\images\videoplayback0844.jpg</path>
	<source>
		<database>Unknown</database>
	</source>
	<size>
		<width>1000</width>
		<height>563</height>
		<depth>3</depth>
	</size>
	<segmented>0</segmented>
	<object>
		<name>TIE Fighters</name>
		<pose>Unspecified</pose>
		<truncated>0</truncated>
		<difficult>0</difficult>
		<bndbox>
			<xmin>205</xmin>
			<ymin>111</ymin>
			<xmax>240</xmax>
			<ymax>148</ymax>
		</bndbox>
	</object>
	<object>
		<name>TIE Fighters</name>
		<pose>Unspecified</pose>
		<truncated>0</truncated>
		<difficult>0</difficult>
		<bndbox>
			<xmin>444</xmin>
			<ymin>170</ymin>
			<xmax>500</xmax>
			<ymax>197</ymax>
		</bndbox>
	</object>
	<object>
		<name>Millennium Falcon</name>
		<pose>Unspecified</pose>
		<truncated>0</truncated>
		<difficult>0</difficult>
		<bndbox>
			<xmin>270</xmin>
			<ymin>211</ymin>
			<xmax>732</xmax>
			<ymax>322</ymax>
		</bndbox>
	</object>
</annotation>
