<annotation>
	<folder>images</folder>
	<filename>videoplayback0904.jpg</filename>
	<path>D:\Tina-MIDS\W251\MIDS_HW8\images\videoplayback0904.jpg</path>
	<source>
		<database>Unknown</database>
	</source>
	<size>
		<width>1000</width>
		<height>563</height>
		<depth>3</depth>
	</size>
	<segmented>0</segmented>
	<object>
		<name>Millennium Falcon</name>
		<pose>Unspecified</pose>
		<truncated>0</truncated>
		<difficult>0</difficult>
		<bndbox>
			<xmin>268</xmin>
			<ymin>203</ymin>
			<xmax>674</xmax>
			<ymax>338</ymax>
		</bndbox>
	</object>
	<object>
		<name>TIE Fighters</name>
		<pose>Unspecified</pose>
		<truncated>0</truncated>
		<difficult>0</difficult>
		<bndbox>
			<xmin>706</xmin>
			<ymin>163</ymin>
			<xmax>724</xmax>
			<ymax>196</ymax>
		</bndbox>
	</object>
	<object>
		<name>TIE Fighters</name>
		<pose>Unspecified</pose>
		<truncated>0</truncated>
		<difficult>0</difficult>
		<bndbox>
			<xmin>761</xmin>
			<ymin>166</ymin>
			<xmax>794</xmax>
			<ymax>196</ymax>
		</bndbox>
	</object>
</annotation>
