<annotation>
	<folder>images</folder>
	<filename>videoplayback5316.jpg</filename>
	<path>D:\Tina-MIDS\W251\MIDS_HW8\images\videoplayback5316.jpg</path>
	<source>
		<database>Unknown</database>
	</source>
	<size>
		<width>1000</width>
		<height>563</height>
		<depth>3</depth>
	</size>
	<segmented>0</segmented>
	<object>
		<name>TIE Fighters</name>
		<pose>Unspecified</pose>
		<truncated>0</truncated>
		<difficult>0</difficult>
		<bndbox>
			<xmin>276</xmin>
			<ymin>131</ymin>
			<xmax>339</xmax>
			<ymax>166</ymax>
		</bndbox>
	</object>
	<object>
		<name>Millennium Falcon</name>
		<pose>Unspecified</pose>
		<truncated>0</truncated>
		<difficult>0</difficult>
		<bndbox>
			<xmin>158</xmin>
			<ymin>195</ymin>
			<xmax>287</xmax>
			<ymax>385</ymax>
		</bndbox>
	</object>
</annotation>
