<annotation>
	<folder>images</folder>
	<filename>videoplayback3684.jpg</filename>
	<path>D:\Tina-MIDS\W251\MIDS_HW8\images\videoplayback3684.jpg</path>
	<source>
		<database>Unknown</database>
	</source>
	<size>
		<width>1000</width>
		<height>563</height>
		<depth>3</depth>
	</size>
	<segmented>0</segmented>
	<object>
		<name>Millennium Falcon</name>
		<pose>Unspecified</pose>
		<truncated>0</truncated>
		<difficult>0</difficult>
		<bndbox>
			<xmin>272</xmin>
			<ymin>74</ymin>
			<xmax>733</xmax>
			<ymax>408</ymax>
		</bndbox>
	</object>
	<object>
		<name>TIE Fighters</name>
		<pose>Unspecified</pose>
		<truncated>1</truncated>
		<difficult>0</difficult>
		<bndbox>
			<xmin>958</xmin>
			<ymin>280</ymin>
			<xmax>1000</xmax>
			<ymax>342</ymax>
		</bndbox>
	</object>
</annotation>
