<annotation>
	<folder>images</folder>
	<filename>videoplayback4178.jpg</filename>
	<path>D:\Tina-MIDS\W251\MIDS_HW8\images\videoplayback4178.jpg</path>
	<source>
		<database>Unknown</database>
	</source>
	<size>
		<width>1000</width>
		<height>563</height>
		<depth>3</depth>
	</size>
	<segmented>0</segmented>
	<object>
		<name>Millennium Falcon</name>
		<pose>Unspecified</pose>
		<truncated>0</truncated>
		<difficult>0</difficult>
		<bndbox>
			<xmin>527</xmin>
			<ymin>176</ymin>
			<xmax>643</xmax>
			<ymax>264</ymax>
		</bndbox>
	</object>
	<object>
		<name>TIE Fighters</name>
		<pose>Unspecified</pose>
		<truncated>0</truncated>
		<difficult>0</difficult>
		<bndbox>
			<xmin>640</xmin>
			<ymin>200</ymin>
			<xmax>721</xmax>
			<ymax>268</ymax>
		</bndbox>
	</object>
</annotation>
