<annotation>
	<folder>images</folder>
	<filename>videoplayback2888.jpg</filename>
	<path>D:\Tina-MIDS\W251\MIDS_HW8\images\videoplayback2888.jpg</path>
	<source>
		<database>Unknown</database>
	</source>
	<size>
		<width>1000</width>
		<height>563</height>
		<depth>3</depth>
	</size>
	<segmented>0</segmented>
	<object>
		<name>TIE Fighters</name>
		<pose>Unspecified</pose>
		<truncated>0</truncated>
		<difficult>0</difficult>
		<bndbox>
			<xmin>455</xmin>
			<ymin>284</ymin>
			<xmax>566</xmax>
			<ymax>366</ymax>
		</bndbox>
	</object>
	<object>
		<name>TIE Fighters</name>
		<pose>Unspecified</pose>
		<truncated>0</truncated>
		<difficult>0</difficult>
		<bndbox>
			<xmin>695</xmin>
			<ymin>320</ymin>
			<xmax>769</xmax>
			<ymax>391</ymax>
		</bndbox>
	</object>
</annotation>
