<annotation>
	<folder>images</folder>
	<filename>videoplayback3666.jpg</filename>
	<path>D:\Tina-MIDS\W251\MIDS_HW8\images\videoplayback3666.jpg</path>
	<source>
		<database>Unknown</database>
	</source>
	<size>
		<width>1000</width>
		<height>563</height>
		<depth>3</depth>
	</size>
	<segmented>0</segmented>
	<object>
		<name>Millennium Falcon</name>
		<pose>Unspecified</pose>
		<truncated>0</truncated>
		<difficult>0</difficult>
		<bndbox>
			<xmin>303</xmin>
			<ymin>179</ymin>
			<xmax>718</xmax>
			<ymax>338</ymax>
		</bndbox>
	</object>
	<object>
		<name>TIE Fighters</name>
		<pose>Unspecified</pose>
		<truncated>0</truncated>
		<difficult>0</difficult>
		<bndbox>
			<xmin>795</xmin>
			<ymin>298</ymin>
			<xmax>844</xmax>
			<ymax>348</ymax>
		</bndbox>
	</object>
	<object>
		<name>TIE Fighters</name>
		<pose>Unspecified</pose>
		<truncated>0</truncated>
		<difficult>0</difficult>
		<bndbox>
			<xmin>900</xmin>
			<ymin>263</ymin>
			<xmax>944</xmax>
			<ymax>303</ymax>
		</bndbox>
	</object>
</annotation>
