<annotation>
	<folder>images</folder>
	<filename>videoplayback2801.jpg</filename>
	<path>D:\Tina-MIDS\W251\MIDS_HW8\images\videoplayback2801.jpg</path>
	<source>
		<database>Unknown</database>
	</source>
	<size>
		<width>1000</width>
		<height>563</height>
		<depth>3</depth>
	</size>
	<segmented>0</segmented>
	<object>
		<name>TIE Fighters</name>
		<pose>Unspecified</pose>
		<truncated>0</truncated>
		<difficult>0</difficult>
		<bndbox>
			<xmin>330</xmin>
			<ymin>287</ymin>
			<xmax>410</xmax>
			<ymax>350</ymax>
		</bndbox>
	</object>
	<object>
		<name>TIE Fighters</name>
		<pose>Unspecified</pose>
		<truncated>0</truncated>
		<difficult>0</difficult>
		<bndbox>
			<xmin>611</xmin>
			<ymin>198</ymin>
			<xmax>695</xmax>
			<ymax>274</ymax>
		</bndbox>
	</object>
</annotation>
