<annotation>
	<folder>images</folder>
	<filename>videoplayback0102.jpg</filename>
	<path>D:\Tina-MIDS\W251\MIDS_HW8\images\videoplayback0102.jpg</path>
	<source>
		<database>Unknown</database>
	</source>
	<size>
		<width>1000</width>
		<height>563</height>
		<depth>3</depth>
	</size>
	<segmented>0</segmented>
	<object>
		<name>TIE Fighters</name>
		<pose>Unspecified</pose>
		<truncated>0</truncated>
		<difficult>0</difficult>
		<bndbox>
			<xmin>32</xmin>
			<ymin>274</ymin>
			<xmax>63</xmax>
			<ymax>296</ymax>
		</bndbox>
	</object>
	<object>
		<name>TIE Fighters</name>
		<pose>Unspecified</pose>
		<truncated>0</truncated>
		<difficult>0</difficult>
		<bndbox>
			<xmin>97</xmin>
			<ymin>258</ymin>
			<xmax>126</xmax>
			<ymax>275</ymax>
		</bndbox>
	</object>
	<object>
		<name>TIE Fighters</name>
		<pose>Unspecified</pose>
		<truncated>0</truncated>
		<difficult>0</difficult>
		<bndbox>
			<xmin>128</xmin>
			<ymin>279</ymin>
			<xmax>150</xmax>
			<ymax>296</ymax>
		</bndbox>
	</object>
</annotation>
