<annotation>
	<folder>images</folder>
	<filename>videoplayback4616.jpg</filename>
	<path>D:\Tina-MIDS\W251\MIDS_HW8\images\videoplayback4616.jpg</path>
	<source>
		<database>Unknown</database>
	</source>
	<size>
		<width>1000</width>
		<height>563</height>
		<depth>3</depth>
	</size>
	<segmented>0</segmented>
	<object>
		<name>TIE Fighters</name>
		<pose>Unspecified</pose>
		<truncated>0</truncated>
		<difficult>0</difficult>
		<bndbox>
			<xmin>393</xmin>
			<ymin>145</ymin>
			<xmax>540</xmax>
			<ymax>279</ymax>
		</bndbox>
	</object>
	<object>
		<name>Millennium Falcon</name>
		<pose>Unspecified</pose>
		<truncated>0</truncated>
		<difficult>0</difficult>
		<bndbox>
			<xmin>215</xmin>
			<ymin>167</ymin>
			<xmax>385</xmax>
			<ymax>283</ymax>
		</bndbox>
	</object>
</annotation>
