<annotation>
	<folder>images</folder>
	<filename>videoplayback5358.jpg</filename>
	<path>D:\Tina-MIDS\W251\MIDS_HW8\images\videoplayback5358.jpg</path>
	<source>
		<database>Unknown</database>
	</source>
	<size>
		<width>1000</width>
		<height>563</height>
		<depth>3</depth>
	</size>
	<segmented>0</segmented>
	<object>
		<name>TIE Fighters</name>
		<pose>Unspecified</pose>
		<truncated>0</truncated>
		<difficult>0</difficult>
		<bndbox>
			<xmin>469</xmin>
			<ymin>121</ymin>
			<xmax>642</xmax>
			<ymax>314</ymax>
		</bndbox>
	</object>
	<object>
		<name>Millennium Falcon</name>
		<pose>Unspecified</pose>
		<truncated>0</truncated>
		<difficult>0</difficult>
		<bndbox>
			<xmin>739</xmin>
			<ymin>133</ymin>
			<xmax>821</xmax>
			<ymax>195</ymax>
		</bndbox>
	</object>
</annotation>
